run_id,shots,seed,train_examples,validation_examples,accuracy,macro_f1,fit_seconds
exp002-v2-n5-s11,5,11,385,770,0.522077922077922,0.5112665678275878,0.051095749950036407
exp002-v2-n5-s22,5,22,385,770,0.5038961038961038,0.49007914154638216,0.049527958035469055
exp002-v2-n5-s33,5,33,385,770,0.5246753246753246,0.5055218921754189,0.04220612486824393
exp002-v2-n5-s44,5,44,385,770,0.5,0.4876777774246581,0.059698458993807435
exp002-v2-n5-s55,5,55,385,770,0.5415584415584416,0.5259393040405953,0.0442759171128273
exp002-v2-n10-s11,10,11,770,770,0.6350649350649351,0.6284090731788198,0.11708070803433657
exp002-v2-n10-s22,10,22,770,770,0.6168831168831169,0.6051639654980896,0.16113062505610287
exp002-v2-n10-s33,10,33,770,770,0.6142857142857143,0.6036695534136282,0.1687460420653224
exp002-v2-n10-s44,10,44,770,770,0.6103896103896104,0.6005237153439219,0.11239212495274842
exp002-v2-n10-s55,10,55,770,770,0.6480519480519481,0.6414268842304287,0.11173387500457466
exp002-v2-n20-s11,20,11,1540,770,0.7051948051948052,0.6979646616142849,0.3380655830260366
exp002-v2-n20-s22,20,22,1540,770,0.7,0.6906607413944315,0.3366324161179364
exp002-v2-n20-s33,20,33,1540,770,0.6987012987012987,0.6936910972182189,0.37517137499526143
exp002-v2-n20-s44,20,44,1540,770,0.7038961038961039,0.6955481451269718,0.3353504170663655
exp002-v2-n20-s55,20,55,1540,770,0.6896103896103896,0.6817956510250311,0.3214885829947889
