shots,seed,minilm_accuracy,minilm_macro_f1,tfidf_accuracy,tfidf_macro_f1,macro_f1_gain_pp
5,11,0.7584415584415585,0.7446050715536411,0.522077922077922,0.5112665678275878,23.333850372605326
5,22,0.7350649350649351,0.7175140342412616,0.5038961038961038,0.49007914154638216,22.74348926948794
5,33,0.7233766233766233,0.7094085832339306,0.5246753246753246,0.5055218921754189,20.388669105851175
5,44,0.7441558441558441,0.7277839611984352,0.5,0.4876777774246581,24.010618377377714
5,55,0.7454545454545455,0.7308299419874955,0.5415584415584416,0.5259393040405953,20.489063794690022
10,11,0.8038961038961039,0.7971391934472298,0.6350649350649351,0.6284090731788198,16.873012026841007
10,22,0.7935064935064935,0.7815476460300846,0.6168831168831169,0.6051639654980896,17.638368053199503
10,33,0.7883116883116883,0.7798588427723041,0.6142857142857143,0.6036695534136282,17.618928935867594
10,44,0.8103896103896104,0.8006326852760152,0.6103896103896104,0.6005237153439219,20.010896993209325
10,55,0.8064935064935065,0.8001314008145958,0.6480519480519481,0.6414268842304287,15.870451658416707
20,11,0.8402597402597403,0.8366084427072167,0.7051948051948052,0.6979646616142849,13.864378109293174
20,22,0.8311688311688312,0.8265325417695997,0.7,0.6906607413944315,13.587180037516822
20,33,0.8311688311688312,0.8273232123065261,0.6987012987012987,0.6936910972182189,13.36321150883072
20,44,0.8389610389610389,0.8341312494909751,0.7038961038961039,0.6955481451269718,13.858310436400323
20,55,0.8467532467532467,0.842908473983167,0.6896103896103896,0.6817956510250311,16.111282295813588
