run_id,shots,seed,target_coverage,accepted_count,error_count,correct_count,coverage,accepted_accuracy,selective_risk,zero_acceptance_classes
exp004-minilm-v2-n5-s11,5,11,0.25,193,11,182,0.2506493506493506,0.9430051813471503,0.05699481865284974,31
exp004-minilm-v2-n5-s11,5,11,0.5,385,46,339,0.5,0.8805194805194805,0.11948051948051948,8
exp004-minilm-v2-n5-s11,5,11,0.75,578,87,491,0.7506493506493507,0.8494809688581315,0.15051903114186851,0
exp004-minilm-v2-n5-s11,5,11,0.9,693,137,556,0.9,0.8023088023088023,0.1976911976911977,0
exp004-minilm-v2-n5-s11,5,11,1.0,770,186,584,1.0,0.7584415584415585,0.24155844155844156,0
exp004-minilm-v2-n5-s22,5,22,0.25,193,18,175,0.2506493506493506,0.9067357512953368,0.09326424870466321,33
exp004-minilm-v2-n5-s22,5,22,0.5,385,49,336,0.5,0.8727272727272727,0.12727272727272726,10
exp004-minilm-v2-n5-s22,5,22,0.75,578,109,469,0.7506493506493507,0.8114186851211073,0.18858131487889274,2
exp004-minilm-v2-n5-s22,5,22,0.9,693,152,541,0.9,0.7806637806637806,0.21933621933621933,0
exp004-minilm-v2-n5-s22,5,22,1.0,770,204,566,1.0,0.7350649350649351,0.2649350649350649,0
exp004-minilm-v2-n5-s33,5,33,0.25,193,14,179,0.2506493506493506,0.927461139896373,0.07253886010362694,28
exp004-minilm-v2-n5-s33,5,33,0.5,385,47,338,0.5,0.8779220779220779,0.12207792207792208,7
exp004-minilm-v2-n5-s33,5,33,0.75,578,111,467,0.7506493506493507,0.8079584775086506,0.19204152249134948,1
exp004-minilm-v2-n5-s33,5,33,0.9,693,160,533,0.9,0.7691197691197691,0.23088023088023088,0
exp004-minilm-v2-n5-s33,5,33,1.0,770,213,557,1.0,0.7233766233766233,0.2766233766233766,0
exp004-minilm-v2-n5-s44,5,44,0.25,193,17,176,0.2506493506493506,0.9119170984455959,0.08808290155440414,34
exp004-minilm-v2-n5-s44,5,44,0.5,385,50,335,0.5,0.8701298701298701,0.12987012987012986,5
exp004-minilm-v2-n5-s44,5,44,0.75,578,100,478,0.7506493506493507,0.8269896193771626,0.17301038062283736,0
exp004-minilm-v2-n5-s44,5,44,0.9,693,145,548,0.9,0.7907647907647908,0.20923520923520925,0
exp004-minilm-v2-n5-s44,5,44,1.0,770,197,573,1.0,0.7441558441558441,0.2558441558441558,0
exp004-minilm-v2-n5-s55,5,55,0.25,193,16,177,0.2506493506493506,0.917098445595855,0.08290155440414508,32
exp004-minilm-v2-n5-s55,5,55,0.5,385,41,344,0.5,0.8935064935064935,0.10649350649350649,11
exp004-minilm-v2-n5-s55,5,55,0.75,578,99,479,0.7506493506493507,0.828719723183391,0.17128027681660898,1
exp004-minilm-v2-n5-s55,5,55,0.9,693,145,548,0.9,0.7907647907647908,0.20923520923520925,0
exp004-minilm-v2-n5-s55,5,55,1.0,770,196,574,1.0,0.7454545454545455,0.2545454545454545,0
exp004-minilm-v2-n10-s11,10,11,0.25,193,6,187,0.2506493506493506,0.9689119170984456,0.031088082901554404,32
exp004-minilm-v2-n10-s11,10,11,0.5,385,25,360,0.5,0.935064935064935,0.06493506493506493,6
exp004-minilm-v2-n10-s11,10,11,0.75,578,64,514,0.7506493506493507,0.889273356401384,0.11072664359861592,0
exp004-minilm-v2-n10-s11,10,11,0.9,693,110,583,0.9,0.8412698412698413,0.15873015873015872,0
exp004-minilm-v2-n10-s11,10,11,1.0,770,151,619,1.0,0.8038961038961039,0.1961038961038961,0
exp004-minilm-v2-n10-s22,10,22,0.25,193,5,188,0.2506493506493506,0.9740932642487047,0.025906735751295335,28
exp004-minilm-v2-n10-s22,10,22,0.5,385,25,360,0.5,0.935064935064935,0.06493506493506493,8
exp004-minilm-v2-n10-s22,10,22,0.75,578,69,509,0.7506493506493507,0.8806228373702422,0.11937716262975778,3
exp004-minilm-v2-n10-s22,10,22,0.9,693,110,583,0.9,0.8412698412698413,0.15873015873015872,0
exp004-minilm-v2-n10-s22,10,22,1.0,770,159,611,1.0,0.7935064935064935,0.2064935064935065,0
exp004-minilm-v2-n10-s33,10,33,0.25,193,3,190,0.2506493506493506,0.9844559585492227,0.015544041450777202,28
exp004-minilm-v2-n10-s33,10,33,0.5,385,34,351,0.5,0.9116883116883117,0.08831168831168831,9
exp004-minilm-v2-n10-s33,10,33,0.75,578,73,505,0.7506493506493507,0.8737024221453287,0.12629757785467127,1
exp004-minilm-v2-n10-s33,10,33,0.9,693,117,576,0.9,0.8311688311688312,0.16883116883116883,0
exp004-minilm-v2-n10-s33,10,33,1.0,770,163,607,1.0,0.7883116883116883,0.21168831168831168,0
exp004-minilm-v2-n10-s44,10,44,0.25,193,5,188,0.2506493506493506,0.9740932642487047,0.025906735751295335,29
exp004-minilm-v2-n10-s44,10,44,0.5,385,20,365,0.5,0.948051948051948,0.05194805194805195,7
exp004-minilm-v2-n10-s44,10,44,0.75,578,59,519,0.7506493506493507,0.8979238754325259,0.10207612456747404,0
exp004-minilm-v2-n10-s44,10,44,0.9,693,102,591,0.9,0.8528138528138528,0.1471861471861472,0
exp004-minilm-v2-n10-s44,10,44,1.0,770,146,624,1.0,0.8103896103896104,0.18961038961038962,0
exp004-minilm-v2-n10-s55,10,55,0.25,193,3,190,0.2506493506493506,0.9844559585492227,0.015544041450777202,32
exp004-minilm-v2-n10-s55,10,55,0.5,385,26,359,0.5,0.9324675324675324,0.06753246753246753,10
exp004-minilm-v2-n10-s55,10,55,0.75,578,61,517,0.7506493506493507,0.8944636678200693,0.10553633217993079,0
exp004-minilm-v2-n10-s55,10,55,0.9,693,103,590,0.9,0.8513708513708513,0.14862914862914864,0
exp004-minilm-v2-n10-s55,10,55,1.0,770,149,621,1.0,0.8064935064935065,0.19350649350649352,0
exp004-minilm-v2-n20-s11,20,11,0.25,193,1,192,0.2506493506493506,0.9948186528497409,0.0051813471502590676,28
exp004-minilm-v2-n20-s11,20,11,0.5,385,12,373,0.5,0.9688311688311688,0.03116883116883117,6
exp004-minilm-v2-n20-s11,20,11,0.75,578,42,536,0.7506493506493507,0.9273356401384083,0.0726643598615917,0
exp004-minilm-v2-n20-s11,20,11,0.9,693,81,612,0.9,0.8831168831168831,0.11688311688311688,0
exp004-minilm-v2-n20-s11,20,11,1.0,770,123,647,1.0,0.8402597402597403,0.15974025974025974,0
exp004-minilm-v2-n20-s22,20,22,0.25,193,1,192,0.2506493506493506,0.9948186528497409,0.0051813471502590676,26
exp004-minilm-v2-n20-s22,20,22,0.5,385,13,372,0.5,0.9662337662337662,0.033766233766233764,5
exp004-minilm-v2-n20-s22,20,22,0.75,578,45,533,0.7506493506493507,0.9221453287197232,0.07785467128027682,0
exp004-minilm-v2-n20-s22,20,22,0.9,693,85,608,0.9,0.8773448773448773,0.12265512265512266,0
exp004-minilm-v2-n20-s22,20,22,1.0,770,130,640,1.0,0.8311688311688312,0.16883116883116883,0
exp004-minilm-v2-n20-s33,20,33,0.25,193,2,191,0.2506493506493506,0.9896373056994818,0.010362694300518135,27
exp004-minilm-v2-n20-s33,20,33,0.5,385,15,370,0.5,0.961038961038961,0.03896103896103896,8
exp004-minilm-v2-n20-s33,20,33,0.75,578,47,531,0.7506493506493507,0.9186851211072664,0.08131487889273356,0
exp004-minilm-v2-n20-s33,20,33,0.9,693,85,608,0.9,0.8773448773448773,0.12265512265512266,0
exp004-minilm-v2-n20-s33,20,33,1.0,770,130,640,1.0,0.8311688311688312,0.16883116883116883,0
exp004-minilm-v2-n20-s44,20,44,0.25,193,2,191,0.2506493506493506,0.9896373056994818,0.010362694300518135,25
exp004-minilm-v2-n20-s44,20,44,0.5,385,12,373,0.5,0.9688311688311688,0.03116883116883117,6
exp004-minilm-v2-n20-s44,20,44,0.75,578,41,537,0.7506493506493507,0.9290657439446367,0.07093425605536333,0
exp004-minilm-v2-n20-s44,20,44,0.9,693,81,612,0.9,0.8831168831168831,0.11688311688311688,0
exp004-minilm-v2-n20-s44,20,44,1.0,770,124,646,1.0,0.8389610389610389,0.16103896103896104,0
exp004-minilm-v2-n20-s55,20,55,0.25,193,1,192,0.2506493506493506,0.9948186528497409,0.0051813471502590676,29
exp004-minilm-v2-n20-s55,20,55,0.5,385,12,373,0.5,0.9688311688311688,0.03116883116883117,5
exp004-minilm-v2-n20-s55,20,55,0.75,578,39,539,0.7506493506493507,0.9325259515570934,0.06747404844290658,0
exp004-minilm-v2-n20-s55,20,55,0.9,693,82,611,0.9,0.8816738816738817,0.11832611832611832,0
exp004-minilm-v2-n20-s55,20,55,1.0,770,118,652,1.0,0.8467532467532467,0.15324675324675324,0
